country_name,country_code,2010,2011,2012,2013,2014,2015,2016,2017,2018,2019,2020
Aruba,ABW,,,,,,,,,,,
Africa Eastern and Southern,AFE,57.7958024732335,55.6796581682641,53.7374301264181,52.0040749319323,50.4155894620476,48.9586412563552,47.5272437136699,46.1081401026222,44.7952207359666,43.5912516641172,42.4471977973822
Afghanistan,AFG,64.2,61.8,59.5,57.3,55.2,53.2,51.3,49.5,47.9,46.4,45
Africa Western and Central,AFW,75.1602431051368,73.50802950425,71.9653001807224,70.5541832176272,69.2489971150225,68.0016028903298,66.6748305454362,65.3138417198375,63.8757785551963,62.3523327935708,60.7776428917134
Angola,AGO,75.9,71.5,67.4,63.7,60.5,57.7,55.5,53.5,51.7,49.9,48.3
Albania,ALB,11.8,10.8,10,9.3,8.8,8.5,8.4,8.4,8.5,8.6,8.8
Andorra,AND,4.1,3.9,3.7,3.5,3.3,3.1,2.9,2.8,2.6,2.5,2.4
Arab World,ARB,31.9869940483845,31.1429479012475,30.6468061659965,30.0054998595581,29.355393740631,28.6959646217843,28.0837659354814,27.2927215693322,26.8254977770776,26.3328063931554,25.7799987530914
United Arab Emirates,ARE,7.4,7.2,7,6.8,6.7,6.5,6.3,6.2,6,5.8,5.6
Argentina,ARG,12.9,12.4,11.9,11.3,10.8,10.2,9.7,9.2,8.6,8.1,7.6
Armenia,ARM,16.3,15.5,14.7,14,13.3,12.6,12,11.3,10.8,10.2,9.7
American Samoa,ASM,,,,,,,,,,,
Antigua and Barbuda,ATG,8.3,7.9,7.5,7.1,6.8,6.5,6.2,6,5.8,5.6,5.4
Australia,AUS,4,3.8,3.6,3.5,3.4,3.3,3.2,3.2,3.2,3.2,3.1
Austria,AUT,3.6,3.5,3.3,3.2,3.1,3,3,2.9,2.9,2.9,3
Azerbaijan,AZE,32.5,30.5,28.5,26.7,24.9,23.3,21.8,20.3,19.2,18.2,17.3
Burundi,BDI,59.4,56.3,53.4,50.7,48.2,46.2,44.4,42.7,41.3,39.9,38.6
Belgium,BEL,3.6,3.6,3.5,3.4,3.3,3.3,3.3,3.3,3.4,3.4,3.4
Benin,BEN,69.6,68.3,67,65.7,64.4,63.2,61.9,60.6,59.3,57.9,56.5
Burkina Faso,BFA,68.1,66.3,64.4,62.7,61.2,59.6,58.2,56.7,55.4,54.1,52.8
Bangladesh,BGD,38.9,37.2,35.6,34,32.5,31,29.6,28.2,26.8,25.5,24.3
Bulgaria,BGR,9,8.7,8.2,7.8,7.3,6.9,6.5,6.1,5.8,5.5,5.1
Bahrain,BHR,7.3,7,6.8,6.7,6.6,6.5,6.4,6.3,6.1,5.9,5.8
"Bahamas, The",BHS,13.3,13,12.8,12.5,12.2,12,11.7,11.4,11.2,14.5,10.5
Bosnia and Herzegovina,BIH,6.3,6,5.8,5.6,5.5,5.4,5.3,5.3,5.2,5.1,4.9
Belarus,BLR,4.3,3.9,3.7,3.5,3.3,3.1,2.9,2.7,2.5,2.4,2.2
Belize,BLZ,16.2,15.7,15.2,14.6,13.9,13.2,12.5,11.8,11.1,10.6,10
Bermuda,BMU,,,,,,,,,,,
Bolivia,BOL,33,31.2,29.6,28,26.6,25.4,24.3,23.2,22.3,21.5,20.7
Brazil,BRA,16.7,16,15.4,14.9,14.6,14.2,15,13.8,13.6,13.3,13.1
Barbados,BRB,13.8,13.7,13.6,13.5,13.3,13,12.7,12.4,12.1,11.7,11.4
Brunei Darussalam,BRN,7.9,8.1,8.2,8.4,8.6,8.8,9,9.2,9.4,9.6,9.6
Bhutan,BTN,34.1,32.4,31,29.6,28.5,27.4,26.5,25.6,24.7,23.9,23.2
Botswana,BWA,39.5,41.1,40.2,39.4,40.1,39.6,39.3,38.2,37.6,36.9,36.1
Central African Republic,CAF,99,96.7,94.5,93,90.5,87.9,85.6,83.8,81.6,79.1,77.5
Canada,CAN,5,4.9,4.9,4.8,4.7,4.7,4.6,4.6,4.5,4.4,4.4
Central Europe and the Baltics,CEB,6.16910186648269,5.88685680784203,5.62289397418008,5.34096884815999,5.06766987044334,4.8358339126156,4.60480376284933,4.3973921043,4.21312599808368,4.05281130132838,3.92658547392053
Switzerland,CHE,3.9,3.9,3.8,3.8,3.8,3.7,3.7,3.6,3.6,3.6,3.5
Channel Islands,CHI,,,,,,,,,,,
Chile,CHL,7.4,7.3,7.2,7.1,6.9,6.7,6.5,6.4,6.2,6,5.8
China,CHN,12.5,11.5,10.6,9.8,9,8.3,7.6,7,6.4,5.9,5.5
Cote d'Ivoire,CIV,74.7,72.9,71,69.1,67.3,65.7,64.4,62.9,61.3,59.4,57.9
Cameroon,CMR,68.6,66.6,64.2,61.6,59.5,57,55.2,53.2,51.3,49.9,48.3
"Congo, Dem. Rep.",COD,83.5,81.3,79.1,77,75,73,71.1,69.1,67.3,65.5,63.8
"Congo, Rep.",COG,43,41.7,40.7,39.7,38.7,37.6,36.6,35.6,34.7,35.9,33
Colombia,COL,15.7,15.2,14.7,14.3,13.8,13.4,12.9,12.5,12.1,11.7,11.4
Comoros,COM,62.2,60.5,58.9,57.2,55.8,54.4,53,51.5,50.1,48.7,47.2
Cabo Verde,CPV,22.1,21.3,20.3,19.2,17.9,16.7,15.5,14.5,13.6,12.8,12.2
Costa Rica,CRI,9.2,8.9,8.6,8.2,7.9,7.7,7.6,7.5,7.4,7.2,6.7
Caribbean small states,CSS,18.5287213550316,18.1418420657308,17.6742991124608,17.2507458407468,16.7864045982079,16.3472421878331,15.8755059842993,15.4186190155324,14.9628904923969,14.7001176047253,14.0499521768394
Cuba,CUB,5.1,5,4.8,4.7,4.6,4.5,4.4,4.3,4.3,4.2,4.1
Curacao,CUW,,,,,,,,,,,
Cayman Islands,CYM,,,,,,,,,,,
Cyprus,CYP,2.8,2.7,2.6,2.5,2.4,2.4,2.4,2.3,2.3,2.3,2.3
Czechia,CZE,2.7,2.6,2.6,2.5,2.5,2.5,2.6,2.6,2.5,2.4,2.3
Germany,DEU,3.5,3.4,3.4,3.3,3.3,3.3,3.3,3.3,3.2,3.2,3.1
Djibouti,DJI,62.5,60.9,59.3,57.8,56.2,54.6,53.1,51.6,50.1,48.6,47.2
Dominica,DMA,21.3,22.5,23.7,25,26.2,27.5,28.7,29.7,30.6,31.2,31.7
Denmark,DNK,3.5,3.4,3.5,3.5,3.5,3.5,3.5,3.4,3.3,3.2,3.1
Dominican Republic,DOM,28.9,28.8,28.8,28.8,28.8,28.8,28.8,28.7,28.6,28.3,27.9
Algeria,DZA,23.6,22.9,22.5,22.1,21.9,21.6,21.3,20.9,20.4,20,19.5
East Asia & Pacific (excluding high income),EAP,18.4180070328227,17.4538824314836,16.5634869601527,15.773379804417,15.0017202096808,14.3080537570059,13.6452857825493,13.0551593630755,12.4727645379561,11.9948601942666,11.5513498559687
Early-demographic dividend,EAR,39.5414120443604,37.7882299552624,36.3155768722215,34.8835975315834,33.5687323881743,32.2346865331995,31.0507831397328,29.8493421928097,28.7356595948926,27.6860504416789,26.7254846153556
East Asia & Pacific,EAS,17.5,16.6,15.7,15,14.3,13.6,13,12.4,11.9,11.5,11
Europe & Central Asia (excluding high income),ECA,15.6579693044628,14.8386601066738,14.1119825022983,13.3846309173175,12.6935903814922,11.9906252010706,11.3950988436454,10.7691165029248,10.2817422695505,9.79857522110453,9.37448974001963
Europe & Central Asia,ECS,10,9.6,9.2,8.8,8.4,8.1,7.7,7.4,7.1,6.8,6.5
Ecuador,ECU,16.3,15.6,14.9,14.3,13.7,13.2,12.8,12.4,12,11.6,11.1
"Egypt, Arab Rep.",EGY,24,23.1,22.2,21.3,20.5,19.8,19.1,18.5,17.8,17.2,16.6
Euro area,EMU,3.38091380063923,3.31076464402189,3.26038224618492,3.19056967889183,3.16469228862191,3.1635664430107,3.1457486342451,3.14805216641544,3.12240532677179,3.09880315001518,3.05844048629935
Eritrea,ERI,39,37.9,36.8,35.8,34.9,34,33.1,32.2,31.3,30.5,29.7
Spain,ESP,3.1,3,2.9,2.8,2.8,2.7,2.7,2.7,2.7,2.7,2.7
Estonia,EST,3.6,3.3,3,2.8,2.6,2.4,2.2,2.1,1.9,1.8,1.7
Ethiopia,ETH,54.3,51.9,49.5,47.3,45.2,43.2,41.3,39.5,38,36.6,35.4
European Union,EUU,3.97290760914083,3.85770601144772,3.76076322888632,3.6465184928651,3.56711320544317,3.51236686149145,3.44865421583629,3.40410939871472,3.34016433829614,3.28707025806818,3.2244856014062
Fragile and conflict affected situations,FCS,64.9876736996962,62.9813896118592,61.6062779493222,60.3523164973999,59.1363790010862,57.9646279279652,56.8663965330943,55.5417289634655,54.3676315839007,53.1313886589457,51.874224297303
Finland,FIN,2.5,2.4,2.3,2.2,2.1,2,2,2,1.9,1.9,1.9
Fiji,FJI,20,20,20,20.1,20.3,20.6,21.1,21.5,22.1,22.6,23
France,FRA,3.1,3.1,3.1,3.1,3.1,3.2,3.2,3.3,3.4,3.4,3.4
Faroe Islands,FRO,,,,,,,,,,,
"Micronesia, Fed. Sts.",FSM,27.4,26.8,26.2,25.6,24.9,24.2,23.5,22.7,22.1,21.5,20.9
Gabon,GAB,41.6,40.4,39.1,37.9,37.2,36.1,34.6,33.7,32.5,31.5,30.7
United Kingdom,GBR,4.4,4.3,4.1,4,3.9,3.8,3.8,3.8,3.7,3.7,3.6
Georgia,GEO,12.7,11.6,10.8,10.2,9.7,9.4,9.1,8.8,8.7,8.4,8.2
Ghana,GHA,47,45.2,43.4,41.8,40.2,38.8,37.4,36.2,35,34,33
Gibraltar,GIB,,,,,,,,,,,
Guinea,GIN,74.4,73.1,71.8,70.5,69.5,68.4,67.1,66,64.7,63.4,62
"Gambia, The",GMB,45.8,44.5,43.2,42,40.9,39.7,38.6,37.5,36.5,35.6,34.7
Guinea-Bissau,GNB,72.6,69.6,66.8,64.3,62.1,60,58.1,56.3,54.6,53,51.4
Equatorial Guinea,GNQ,79.1,76.7,74.3,72.1,69.9,67.6,65.6,63.6,61.7,60,58.3
Greece,GRC,3.4,3.5,3.5,3.6,3.7,3.8,3.9,3.8,3.7,3.7,3.6
Grenada,GRD,13,13.3,13.5,13.8,14,14.3,14.5,14.6,14.7,14.7,14.5
Greenland,GRL,,,,,,,,,,,
Guatemala,GTM,28.6,27.6,26.5,25.6,24.6,23.7,22.9,22.2,21.4,20.7,20.1
Guam,GUM,,,,,,,,,,,
Guyana,GUY,30.6,30,29.4,28.8,28.1,27.4,26.6,25.9,25.2,24.5,23.8
High income,HIC,5,4.8,4.7,4.6,4.5,4.5,4.4,4.3,4.3,4.2,4.1
"Hong Kong SAR, China",HKG,,,,,,,,,,,
Honduras,HND,19.8,19.1,18.4,17.7,17.1,16.5,16,15.4,14.9,14.4,13.9
Heavily indebted poor countries (HIPC),HPC,62.3461095748075,59.7966746874002,57.8316868196859,56.0116658750035,54.3455750026315,52.7813885547299,51.2046049027588,49.6481952082343,48.2311977209829,46.91232141055,45.6311357179348
Croatia,HRV,4.7,4.5,4.4,4.3,4.3,4.2,4.1,4.1,4,3.9,3.9
Haiti,HTI,102.6,57.6,56.4,55.3,54.1,52.8,51.5,50.3,49,47.8,46.7
Hungary,HUN,5.1,4.9,4.8,4.7,4.5,4.2,4,3.7,3.5,3.4,3.4
IBRD only,IBD,27.3857239375671,25.996384628616,24.6868262159878,23.4576630017275,22.3505055687759,21.2756712939736,20.3930295282011,19.481475061179,18.6531775754673,17.904997674277,17.251109252423
IDA & IBRD total,IBT,40.0521324887677,38.5787062134676,37.3096114166609,36.1199812642887,35.0325240602871,33.9849564416649,33.0522875735424,32.0812346295787,31.2017465881476,30.3765404913957,29.6129036624451
IDA total,IDA,61.5140365724341,59.6144419278619,58.1259149850861,56.7122568843638,55.3648608326308,54.0632444459763,52.7465973501281,51.3704331288351,50.0934267292041,48.8296601043474,47.5818772701834
IDA blend,IDB,69.8978824380476,68.5757224714744,67.2599159976722,66.0538792822901,64.8654672086559,63.683346627229,62.517644416963,61.2808915012353,59.9466281338193,58.5719816758594,57.1407046651619
Indonesia,IDN,27.9,26.9,25.9,25,24.1,23.2,22.4,21.6,20.8,20.2,19.5
IDA only,IDX,57.201150176181,54.9840121337818,53.3882802140053,51.8523567826465,50.4119807571548,49.0430800085813,47.6485489000575,46.2058612722555,44.9691269054823,43.7766523966937,42.6395771840764
Isle of Man,IMN,,,,,,,,,,,
India,IND,45.1,43,40.9,38.8,36.9,34.9,33.1,31.4,29.8,28.3,27
Not classified,INX,,,,,,,,,,,
Ireland,IRL,3.5,3.5,3.4,3.3,3.3,3.2,3.1,3,2.8,2.7,2.6
"Iran, Islamic Rep.",IRN,16.5,15.7,15,14.4,13.8,13.3,12.8,12.4,11.9,11.5,11.1
Iraq,IRQ,28.7,27.9,27.1,26.3,25.5,24.8,24.1,23.4,22.7,22,21.3
Iceland,ISL,2.2,2.1,2,1.9,1.9,1.8,1.8,1.7,1.6,1.6,1.5
Israel,ISR,3.7,3.5,3.4,3.3,3.2,3.2,3.1,3,3,3,2.9
Italy,ITA,3.4,3.3,3.2,3.1,3,3,2.9,2.8,2.7,2.6,2.5
Jamaica,JAM,15.4,15.1,14.6,14.2,13.8,13.4,13,12.6,12.2,11.8,11.4
Jordan,JOR,17.2,16.7,16.2,15.8,15.4,15,14.6,14.1,13.7,13.3,12.9
Japan,JPN,2.4,2.3,2.2,2.1,2.1,2,2,1.9,1.9,1.8,1.8
Kazakhstan,KAZ,18.2,16.4,14.6,13,11.6,10.6,9.8,9.4,9.2,9,8.9
Kenya,KEN,39.3,38.5,38.2,37.4,36.4,35.2,34.4,33.7,32.7,32,31.2
Kyrgyz Republic,KGZ,26.1,24.5,23.2,22,20.9,19.9,18.9,18,17.1,16.4,15.7
Cambodia,KHM,37.3,34.6,32.3,30.3,28.7,27.3,26,24.9,23.8,22.9,22
Kiribati,KIR,49.3,48.6,47.8,46.8,45.8,44.7,43.6,42.6,41.4,40.3,39.2
St. Kitts and Nevis,KNA,14.6,14.5,14.5,14.5,14.3,14.1,13.9,13.6,13.3,12.9,12.6
"Korea, Rep.",KOR,3.5,3.4,3.3,3.2,3.1,3,2.9,2.8,2.8,2.7,2.6
Kuwait,KWT,8.9,8.5,8.2,7.9,7.7,7.5,7.4,7.4,7.5,7.5,7.6
Latin America & Caribbean (excluding high income),LAC,19.7710432436198,17.8886727838638,17.2746784651098,16.7135792184656,16.2153785784641,15.7043534701242,15.5991091014039,14.8685756893036,14.4621160995815,14.0453717709024,13.6717021875404
Lao PDR,LAO,51.8,49.7,47.6,45.7,43.8,42.1,40.5,39.1,37.8,36.5,35.3
Lebanon,LBN,8.7,8.3,8,7.7,7.4,7.1,6.8,6.6,6.4,6.2,6
Liberia,LBR,71.8,69.9,68.3,66.9,66,64.4,63.1,62,60.8,59.5,58.1
Libya,LBY,14.2,14.9,12.9,12.3,11.8,11.4,11,10.6,10.2,9.9,9.5
St. Lucia,LCA,17.3,17.7,18.1,18.5,19,19.5,20,20.6,21.1,21.6,22
Latin America & Caribbean,LCN,19.1,17.4,16.9,16.4,15.9,15.5,15.6,14.9,14.6,14.2,13.8
Least developed countries: UN classification,LDC,59.3213367252141,56.8896109561048,55.0130412359072,53.2748121003948,51.6986979849638,50.2501347947797,48.7661181176009,47.3204200882164,46.0150188919671,44.771421531313,43.5792861487948
Low income,LIC,62.5,60.4,58.7,57.1,55.5,53.9,52.4,50.8,49.5,48.2,47
Liechtenstein,LIE,,,,,,,,,,,
Sri Lanka,LKA,9.8,9.4,8.9,8.4,7.9,7.5,7.1,6.7,6.4,6.2,5.9
Lower middle income,LMC,46.6,44.9,43.4,42,40.7,39.5,38.3,37.1,36,34.9,33.9
Low & middle income,LMY,40.3372773710318,38.844708757307,37.5564293567854,36.3492923910992,35.2459302650391,34.1808254178285,33.2168045652319,32.2351392596654,31.346346628731,30.5123181050624,29.7380277140609
Lesotho,LSO,70.9,69,70.2,71,71.9,72.6,72.9,73.1,72.1,71.4,69.9
Late-demographic dividend,LTE,13.388674812495,12.5698304240915,11.8225540992595,11.1598842652406,10.5086927333635,9.91799800056001,9.46043129800329,8.87335942972813,8.41267640343319,8.00791971658393,7.66516992182274
Lithuania,LTU,4.9,4.5,4.2,4.1,4,4,3.9,3.6,3.3,2.9,2.7
Luxembourg,LUX,2.3,2.3,2.3,2.3,2.3,2.3,2.3,2.3,2.3,2.3,2.3
Latvia,LVA,6.5,6.1,5.6,5.1,4.6,4.3,4,3.8,3.6,3.5,3.4
"Macao SAR, China",MAC,,,,,,,,,,,
St. Martin (French part),MAF,,,,,,,,,,,
Morocco,MAR,26.8,25.3,23.9,22.6,21.3,20.2,19.1,18.2,17.4,16.7,16
Monaco,MCO,3.3,3.2,3.1,3,3,2.9,2.8,2.7,2.6,2.5,2.5
Moldova,MDA,14.7,14.5,14.2,14,13.7,13.6,13.3,13.1,12.9,12.7,12.5
Madagascar,MDG,47.1,45.8,44.6,43.4,42.3,41.3,40.3,39.3,38.2,37.2,36.3
Maldives,MDV,11.9,11.1,10.4,9.7,9.1,8.4,7.7,7.1,6.5,6,5.5
Middle East & North Africa,MEA,22.7,22.1,21.8,21.4,20.8,20.3,19.7,19,18.6,18.2,17.8
Mexico,MEX,16.4,15.9,15.4,14.9,14.4,13.9,13.5,13,12.6,12.2,11.8
Marshall Islands,MHL,31.7,31.4,30.9,30.4,29.7,29.1,28.4,27.7,26.9,26.3,25.5
Middle income,MIC,36.0828375848671,34.6368302673814,33.3797469868148,32.2131884774669,31.1469619799263,30.1114699115031,29.2057484789677,28.2894024519042,27.4202022743276,26.615889243823,25.8753791263387
North Macedonia,MKD,9.2,8.8,9,9.4,9.9,10,9.6,8.5,7.1,6,5.2
Mali,MLI,76.7,74.6,72.6,70.6,68.7,66.8,65.1,63.4,61.8,60.3,58.8
Malta,MLT,5.8,5.8,5.8,5.8,5.8,5.7,5.7,5.7,5.7,5.7,5.6
Myanmar,MMR,48.8,47,45.4,43.8,42.3,41,39.7,38.5,37.2,36.1,35
Middle East & North Africa (excluding high income),MNA,24.4237342529942,23.7460416616028,23.4745908589584,22.9866564777248,22.4374277471749,21.8469714161011,21.2786078541205,20.507006037491,20.0749681471749,19.6225289390161,19.1306991631138
Montenegro,MNE,5.7,5.1,4.6,4.1,3.7,3.3,3,2.6,2.4,2.1,2
Mongolia,MNG,22.1,20.6,19.4,18.3,17.4,16.6,15.9,15.1,14.4,13.8,13.2
Northern Mariana Islands,MNP,,,,,,,,,,,
Mozambique,MOZ,72.5,68.8,66.4,64.7,63,61.3,59.4,57.5,56,54.3,52.8
Mauritania,MRT,61.2,60,58.8,57.5,56.2,55,53.8,52.6,51.5,50.2,49
Mauritius,MUS,12.5,12.6,13,13.1,12.9,12.8,12.8,13.2,13.7,14.3,14.8
Malawi,MWI,52.4,48.8,45.6,42.2,39.2,36.7,34.6,32.8,31.4,30.1,29
Malaysia,MYS,6.9,6.8,6.8,6.8,6.8,6.9,7,7.1,7.2,7.3,7.4
North America,NAC,6.1,6,5.9,5.9,5.8,5.7,5.6,5.6,5.5,5.4,5.3
Namibia,NAM,36.8,36.9,37.9,35.8,34,33.3,32.8,32.2,31.7,30.9,30.1
New Caledonia,NCL,,,,,,,,,,,
Niger,NER,61.9,59.3,57,55,53.4,51.8,50.4,49.1,47.9,46.7,45.6
Nigeria,NGA,84.3,83,81.9,81,80.1,79.3,78.3,77.1,75.7,74,72.2
Nicaragua,NIC,20.3,19.5,18.7,18,17.3,16.6,16,15.4,14.8,14.3,13.8
Netherlands,NLD,3.7,3.6,3.6,3.5,3.5,3.4,3.4,3.5,3.5,3.5,3.6
Norway,NOR,2.7,2.5,2.5,2.4,2.3,2.2,2.1,2.1,2,1.9,1.8
Nepal,NPL,36.6,35,33.5,32,30.5,29.2,27.8,26.6,25.5,24.5,23.6
Nauru,NRU,30.6,30.1,29.5,28.9,28.2,27.4,26.7,26,25.3,24.6,23.8
New Zealand,NZL,5.1,5,4.9,4.8,4.7,4.6,4.4,4.3,4.2,4.1,3.9
OECD members,OED,7.62342180469816,7.38642502526852,7.16493872257747,6.97286376076508,6.77311726913707,6.57851403797092,6.41424322216557,6.25660557742056,6.0887499620641,5.91636985500867,5.74955118003866
Oman,OMN,10.1,10,9.8,9.7,9.7,9.6,9.6,9.6,9.6,9.5,9.5
Other small states,OSS,44.7863880996612,43.6395196565463,42.794891813749,41.6833093885513,40.9007430520934,39.833691400641,38.8977089067834,38.110841715568,37.0675585703619,36.1889443518762,35.3120657231634
Pakistan,PAK,70.1,68.6,67,65.4,63.8,62.1,60.5,58.9,57.3,55.7,54.2
Panama,PAN,17,16.5,16,15.5,15.1,14.6,14.1,13.7,13.2,12.8,12.3
Peru,PER,15.3,14.6,13.9,13.3,12.7,12.2,11.7,11.2,10.7,10.3,10
Philippines,PHL,24.8,24.5,24.2,23.9,23.7,23.4,23,22.6,22.1,21.5,20.9
Palau,PLW,21.3,20.7,20.1,19.6,18.9,18.3,17.8,17.2,16.7,16.2,15.7
Papua New Guinea,PNG,44.9,44,43,42.1,41.2,40.2,39.3,38.2,37.2,36.2,35.2
Poland,POL,5.1,4.9,4.7,4.5,4.3,4.2,4.1,4,3.9,3.8,3.7
Pre-demographic dividend,PRE,67.3435064024966,65.4880864268939,63.7808985378322,62.2122982200892,60.7704609905415,59.4238767559471,58.0433004680072,56.622726028611,55.2275418288613,53.8361674976373,52.4287970327087
Puerto Rico,PRI,,,,,,,,,,,
"Korea, Dem. People's Rep.",PRK,23.1,21.5,19.8,18.3,17,16,15.1,14.4,13.7,13.1,11.6
Portugal,PRT,3.1,3,3,3,3,3,3,3,2.9,2.8,2.7
Paraguay,PRY,22,21.4,20.8,20.2,19.6,19,18.4,17.8,17.2,16.7,16.2
West Bank and Gaza,PSE,18.8,18.3,17.8,17.3,16.9,16.4,16,15.5,15.1,14.6,14.2
Pacific island small states,PSS,22.3658890928114,22.1614798472635,21.9234123318273,21.6962666577936,21.4637714870171,21.199395557594,21.0342158428101,20.7775473443357,20.6092289020147,20.3411335260769,20.0793583456997
Post-demographic dividend,PST,4.74383499257828,4.62795185777213,4.52096325687865,4.45103230113715,4.3691591250477,4.29227352717068,4.23185864221545,4.20510159702912,4.14195177511556,4.07634163575626,4.00116669935429
French Polynesia,PYF,,,,,,,,,,,
Qatar,QAT,7.8,7.6,7.4,7.2,7,6.7,6.3,6,5.6,5.3,4.9
Romania,ROU,10.5,10,9.5,8.9,8.3,7.7,7,6.5,6.1,5.8,5.6
Russian Federation,RUS,8.3,8.1,7.9,7.6,7.2,6.6,6.1,5.5,5.1,4.7,4.4
Rwanda,RWA,44,40.6,38.8,37.1,35.7,34.6,33.7,32.9,32,31.1,30.3
South Asia,SAS,48.4,46.5,44.6,42.8,41.1,39.3,37.7,36.1,34.5,33.1,31.8
Saudi Arabia,SAU,10.5,9.9,9.3,8.8,8.3,7.8,7.3,6.9,6.6,6.3,6
Sudan,SDN,50.7,49.6,48.5,47.4,46.3,45.2,44.1,43,42,41,39.9
Senegal,SEN,42.4,40.7,39.2,37.6,36.2,34.7,33.3,32,30.8,29.8,28.9
Singapore,SGP,2.3,2.2,2.2,2.2,2.2,2.2,2.2,2.2,2.1,2,1.8
Solomon Islands,SLB,22.2,21.6,21,20.5,19.9,19.3,18.8,18.2,17.7,17.1,16.6
Sierra Leone,SLE,107.2,103.8,100.7,97.7,95.6,95.1,89.7,87.3,84.8,82.4,80.1
El Salvador,SLV,16.6,15.8,15.1,14.4,13.8,13.3,12.8,12.3,11.9,11.5,11.1
San Marino,SMR,2.5,2.4,2.3,2.2,2.1,1.9,1.9,1.8,1.7,1.6,1.6
Somalia,SOM,96.2,93.8,91,88.4,85.9,83.6,81.4,79.1,76.8,74.8,72.7
Serbia,SRB,6.6,6.4,6.2,5.9,5.7,5.4,5.2,5.1,5,4.9,4.9
Sub-Saharan Africa (excluding high income),SSA,65.1155471235829,63.2083121290535,61.4481295195948,59.8636240034136,58.4064988447235,57.0481948887518,55.6691740517455,54.2812728847157,52.9205674745179,51.5853073218898,50.262233041509
South Sudan,SSD,69.2,66.4,64.5,63.6,63.3,63.3,63.3,63.3,63.3,63.3,63.3
Sub-Saharan Africa,SSF,65.1,63.2,61.4,59.9,58.4,57.1,55.7,54.3,52.9,51.6,50.3
Small states,SST,39.4502592486029,38.531331567069,37.8326307714829,36.925615917931,36.2692934009848,35.3842332213403,34.6016519194158,33.9298013207564,33.0556766293068,32.3277806361112,31.5494360891684
Sao Tome and Principe,STP,27.6,25.7,23.7,22,20.1,18.5,16.9,15.5,14.4,13.5,12.7
Suriname,SUR,20.6,20.1,19.6,19.1,18.6,18.2,17.7,17.2,16.7,16.2,15.7
Slovak Republic,SVK,5.8,5.6,5.5,5.3,5.2,5.1,5,4.9,4.9,4.8,4.7
Slovenia,SVN,2.6,2.5,2.4,2.3,2.2,2.1,2,2,1.9,1.8,1.8
Sweden,SWE,2.5,2.5,2.4,2.4,2.4,2.3,2.3,2.3,2.2,2.2,2.1
Eswatini,SWZ,54.7,51.5,50.6,49.5,50.1,45.2,42.6,43.5,39.4,37.7,37.4
Sint Maarten (Dutch part),SXM,,,,,,,,,,,
Seychelles,SYC,12.1,12.2,12.4,12.5,12.6,12.7,12.8,12.7,12.5,12.3,12
Syrian Arab Republic,SYR,16.2,16.7,23.4,26.8,27.7,25.6,25,18.8,18.9,18.4,18.4
Turks and Caicos Islands,TCA,,,,,,,,,,,
Chad,TCD,84.1,82.3,80.6,78.9,77.3,75.7,74.1,72.4,70.7,69,67.4
East Asia & Pacific (IDA & IBRD countries),TEA,18.3635568032713,17.4069822155264,16.525907368015,15.7438785130512,14.9781825536304,14.2878996468413,13.6277306573618,13.0387001741594,12.4575277617501,11.9809479819788,11.5507295538528
Europe & Central Asia (IDA & IBRD countries),TEC,14.7664588296065,14.0203900884151,13.3542413967684,12.6790462213642,12.0321847450975,11.3750011704164,10.8089233322776,10.2198113659418,9.75830752034977,9.30345694050286,8.90596072082142
Togo,TGO,58.3,56.7,55.2,53.7,52.2,50.8,49.4,48.1,46.8,45.5,44.4
Thailand,THA,11.7,11.2,10.6,10.2,9.7,9.3,8.9,8.5,8.1,7.7,7.4
Tajikistan,TJK,36.9,35.8,35,34.2,33.4,32.6,31.8,30.9,30.1,29.2,28.4
Turkmenistan,TKM,37.2,36.7,36.3,36.3,36.3,36.4,36.7,37,37,36.6,36.1
Latin America & the Caribbean (IDA & IBRD countries),TLA,19.3021221233468,17.5651507327201,17.0072002525696,16.496886474914,16.047405702864,15.6209993000408,15.7593297982224,15.0727711368348,14.6802888191674,14.2808462788872,13.9215504694254
Timor-Leste,TLS,51.4,49.4,47.5,45.9,44.3,42.8,41.4,40.1,38.8,37.7,36.5
Middle East & North Africa (IDA & IBRD countries),TMN,24.5168486280719,23.8353450833623,23.5667713488793,23.0782373897923,22.5259535744124,21.93360960965,21.3624147241918,20.5866457018914,20.154536506715,19.7035838990168,19.211223434857
Tonga,TON,11.3,11.1,11,10.9,10.8,10.7,10.6,10.4,10.3,10,9.8
South Asia (IDA & IBRD),TSA,48.3659720632025,46.5067183913223,44.6497416378748,42.7962331244686,41.0892085415879,39.2943434156102,37.6510023529775,36.0699053652777,34.554942430606,33.1118777975073,31.8259778437462
Sub-Saharan Africa (IDA & IBRD countries),TSS,65.1129186741838,63.2058425456109,61.4458072953939,59.8614255308781,58.4044105779194,57.0462071219079,55.6672845048209,54.2794760621569,52.9188595815679,51.5836897529811,50.2607022432106
Trinidad and Tobago,TTO,20.1,19.5,18.9,18.4,17.8,17.3,16.8,16.3,15.8,15.4,14.8
Tunisia,TUN,15.8,15.5,15.2,15,14.9,14.8,14.7,14.7,14.6,14.5,14.3
Turkiye,TUR,15.5,14.5,13.6,12.7,11.9,11.1,10.5,9.8,9.2,8.6,8.1
Tuvalu,TUV,26,25.1,24.2,23.4,22.6,21.9,21.2,20.6,20,19.3,18.7
Tanzania,TZA,47.1,45.5,44,43,41.9,40.9,39.7,38.2,36.8,35.8,34.7
Uganda,UGA,49.5,47,44.3,42.4,40.6,38.9,37.3,35.7,34.1,33,31.9
Ukraine,UKR,10.1,9.6,9.2,8.8,8.4,8.1,7.9,7.6,7.4,7.2,6.9
Upper middle income,UMC,15,14.2,13.4,12.7,12.1,11.5,11,10.4,10,9.5,9.1
Uruguay,URY,9.3,8.9,8.6,8.3,8,7.6,7.2,6.8,6.3,5.8,5.3
United States,USA,6.2,6.1,6,6,5.9,5.8,5.7,5.7,5.6,5.5,5.4
Uzbekistan,UZB,25.4,23.4,21.7,20,18.6,17.3,16.1,15,14.1,13.3,12.5
St. Vincent and the Grenadines,VCT,17.8,17.3,16.8,16.2,15.7,15.2,14.7,14.3,13.8,13.4,12.9
"Venezuela, RB",VEN,14.7,14.7,14.9,15.1,15.4,16.4,21.1,21.1,21.1,21.1,21.1
British Virgin Islands,VGB,,,,,,,,,,,
Virgin Islands (U.S.),VIR,,,,,,,,,,,
Vietnam,VNM,18.3,18.1,17.9,17.8,17.6,17.4,17.3,17.1,17,16.9,16.7
Vanuatu,VUT,24.3,24.5,24.5,24.3,24.1,23.6,23.2,22.7,22.2,21.6,21.1
World,WLD,36.9,35.5,34.4,33.3,32.3,31.4,30.6,29.7,28.9,28.1,27.4
Samoa,WSM,16.6,16.5,16.4,16.2,16.1,15.9,15.7,15.5,15.3,15,14.6
Kosovo,XKX,,,,,,,,,,,
"Yemen, Rep.",YEM,45.5,45.3,45.4,45.2,45.4,46.1,46,45.9,46.5,46.4,45.7
South Africa,ZAF,34.4,32.1,31,30.1,29.4,28.6,28,27.6,26.9,26.3,25.8
Zambia,ZMB,51.2,50.1,49.1,46.6,46,46.9,45.6,44.3,43.9,42.9,41.7
Zimbabwe,ZWE,52.1,50.8,46.5,44.8,42.9,42.1,40.8,39.9,38.8,38.1,37.9